filename,abnormal_prob,abnormal_pred,acl_prob,acl_pred,meniscus_prob,meniscus_pred
ACL_sag-2.png,0.3798757493495941,0,0.3044833540916443,0,0.45672520995140076,0
ACL_sag_1.jpg,0.8444868326187134,1,0.5379974246025085,1,0.7417397499084473,1
Meni_sag_2.jpg,0.7384207844734192,1,0.9154323935508728,1,0.9295004606246948,1
meni_coronal_1.png,0.23834149539470673,0,0.4242039620876312,0,0.3647116720676422,0
meni_sag_1.jpg,0.9143906831741333,1,0.7203360795974731,1,0.9550692439079285,1
normal_coronal.jpeg,0.07687720656394958,0,0.09370182454586029,0,0.0468987338244915,0
normal_sag_2.jpeg,0.14184945821762085,0,0.08729112893342972,0,0.22502920031547546,0
