class,accuracy,precision,recall,f1,iou,auc_roc
abnormal,0.8,0.8901098901098901,0.8526315789473684,0.8709677419354839,0.7714285713551021,0.7768421052631579
acl,0.6833333333333333,0.6,0.8888888888888888,0.7164179104477612,0.5581395348188211,0.7530864197530864
meniscus,0.625,0.5421686746987951,0.8653846153846154,0.6666666666666666,0.4999999999444445,0.7253959276018099
