class,accuracy,precision,recall,f1,auc_roc
abnormal,0.6166666666666667,0.8769230769230769,0.6,0.7125,0.7090526315789473
acl,0.65,0.6578947368421053,0.46296296296296297,0.5434782608695652,0.7595398428731761
meniscus,0.5833333333333334,0.5135135135135135,0.7307692307692307,0.6031746031746031,0.6447963800904978
