filename,abnormal_prob,abnormal_pred,acl_prob,acl_pred,meniscus_prob,meniscus_pred
Acl_sag.jpg,0.453191876411438,0,0.4639448821544647,0,0.4983879029750824,0
Acl_sag2.jpeg,0.5441439747810364,1,0.6966235637664795,1,0.6397793889045715,1
Meni_sag_2.jpg,0.8305174112319946,1,0.715255618095398,1,0.7765383124351501,1
meni_coronal_1.png,0.4238824248313904,0,0.6533070802688599,1,0.3224022388458252,0
meni_sag_1.jpg,0.9198643565177917,1,0.8285964727401733,1,0.7928062081336975,1
normal_coronal.jpeg,0.17491385340690613,0,0.20534637570381165,0,0.6169818043708801,1
normal_sag_2.jpeg,0.22026531398296356,0,0.36773282289505005,0,0.7779099941253662,1
