filename,abnormal_prob,abnormal_pred,acl_prob,acl_pred,meniscus_prob,meniscus_pred
ACL_sag-2.png,0.8413386344909668,1,0.826016902923584,1,0.26106590032577515,0
ACL_sag_1.jpg,0.6732586622238159,1,0.9420206546783447,1,0.884116530418396,1
Meni_sag_2.jpg,0.9640607833862305,1,0.6547351479530334,1,0.93039870262146,1
meni_coronal_1.png,0.2764507830142975,0,0.8247355818748474,1,0.583297848701477,1
meni_sag_1.jpg,0.8424296975135803,1,0.14497028291225433,0,0.9177520275115967,1
normal_coronal.jpeg,0.15596523880958557,0,0.2684485912322998,0,0.06264223158359528,0
normal_sag_2.jpeg,0.40952444076538086,0,0.9706413745880127,1,0.6450390815734863,1
