filename,abnormal_prob,abnormal_pred,acl_prob,acl_pred,meniscus_prob,meniscus_pred
Acl_sag.jpg,0.6910867094993591,1,0.8318973779678345,1,0.577176570892334,1
Acl_sag2.jpeg,0.43183964490890503,0,0.8893574476242065,1,0.34404629468917847,0
Meni_sag_2.jpg,0.8630161881446838,1,0.5372422933578491,1,0.7609326243400574,1
meni_coronal_1.png,0.37854743003845215,0,0.8232854604721069,1,0.5168120265007019,1
meni_sag_1.jpg,0.6623581647872925,1,0.36604398488998413,0,0.763892650604248,1
normal_coronal.jpeg,0.4244815707206726,0,0.4725319445133209,1,0.25864866375923157,0
normal_sag_2.jpeg,0.5358772277832031,1,0.8228158354759216,1,0.523280680179596,1
